ts,speed,voltage,current,soc,accel_pedal,brake_pedal,gear,mileage,cell_max_v,cell_min_v,temp_max,temp_min,motor_speed_rpm,motor_torque_nm,motor_state
2022-11-30 09:37:15,0.0,380.0,0.4,66.0,0.0,0.0,15.0,2794.0,3.342,3.339,35.0,31.0,-1.0,0.0,1.0
2022-11-30 09:37:25,0.0,381.0,0.4,66.0,0.0,0.0,15.0,2794.0,3.342,3.339,35.0,31.0,-1.0,0.0,1.0
2022-11-30 09:37:35,0.0,380.0,0.4,66.0,0.0,0.0,15.0,2794.0,3.342,3.339,35.0,31.0,-1.0,0.0,1.0
2022-11-30 09:37:45,0.0,381.0,0.4,66.0,0.0,0.0,15.0,2794.0,3.342,3.339,35.0,31.0,0.0,0.0,1.0
2022-11-30 09:37:55,0.0,380.0,0.4,66.0,0.0,0.0,15.0,2794.0,3.342,3.339,35.0,31.0,0.0,0.0,1.0
2022-11-30 09:38:05,0.0,380.0,0.4,66.0,0.0,0.0,15.0,2794.0,3.342,3.339,35.0,31.0,0.0,0.0,1.0
2022-11-30 09:38:15,0.0,380.0,0.5,66.0,0.0,0.0,15.0,2794.0,3.342,3.339,35.0,31.0,0.0,0.0,1.0
2022-11-30 09:38:25,0.0,380.0,0.4,66.0,0.0,0.0,15.0,2794.0,3.342,3.339,35.0,31.0,0.0,0.0,1.0
2022-11-30 09:38:35,0.0,380.0,0.4,66.0,0.0,0.0,15.0,2794.0,3.342,3.338,35.0,31.0,-1.0,0.0,1.0
2022-11-30 09:38:45,0.0,380.0,0.4,66.0,0.0,0.0,15.0,2794.0,3.342,3.338,35.0,31.0,0.0,0.0,1.0
2022-11-30 09:38:55,0.0,380.0,0.4,66.0,0.0,0.0,15.0,2794.0,3.342,3.338,35.0,31.0,-1.0,0.0,1.0
2022-11-30 09:39:05,0.0,380.0,0.4,66.0,0.0,0.0,15.0,2794.0,3.342,3.338,35.0,31.0,-1.0,0.0,1.0
2022-11-30 09:39:15,0.0,380.0,0.4,66.0,0.0,0.0,15.0,2794.0,3.342,3.338,34.0,31.0,0.0,0.0,1.0
2022-11-30 09:39:25,0.0,380.0,0.5,66.0,0.0,0.0,15.0,2794.0,3.342,3.338,34.0,31.0,-1.0,0.0,1.0
2022-11-30 09:39:35,0.0,380.0,0.4,66.0,0.0,0.0,15.0,2794.0,3.342,3.338,34.0,31.0,0.0,0.0,1.0
2022-11-30 09:39:45,0.0,380.0,0.4,66.0,0.0,0.0,15.0,2794.0,3.342,3.338,34.0,31.0,-1.0,0.0,1.0
2022-11-30 09:39:55,0.0,380.0,0.4,66.0,0.0,0.0,15.0,2794.0,3.341,3.338,34.0,31.0,-1.0,0.0,1.0
2022-11-30 09:40:05,17.4,379.0,19.2,66.0,11.0,0.0,14.0,2794.0,3.333,3.329,34.0,30.0,1428.0,41.0,1.0
2022-11-30 09:40:15,23.8,380.0,6.9,66.0,3.0,0.0,14.0,2794.0,3.337,3.333,35.0,31.0,1920.0,9.5,1.0
2022-11-30 09:40:25,24.8,379.0,16.0,66.0,11.0,0.0,14.0,2794.0,3.333,3.329,35.0,31.0,2000.0,21.0,1.0
2022-11-30 09:40:35,38.4,377.0,56.3,66.0,29.0,0.0,14.0,2794.0,3.318,3.312,34.0,31.0,3141.0,57.5,1.0
2022-11-30 09:40:45,60.8,376.0,82.1,66.0,37.0,0.0,14.0,2794.0,3.303,3.294,34.0,31.0,4938.0,55.0,1.0
2022-11-30 09:40:55,76.3,376.0,73.0,66.0,37.0,0.0,14.0,2794.0,3.303,3.294,34.0,31.0,6172.0,39.0,1.0
2022-11-30 09:41:05,89.1,375.0,78.0,66.0,37.0,0.0,14.0,2795.0,3.299,3.29,34.0,31.0,7204.0,35.5,1.0
2022-11-30 09:41:15,96.4,375.0,78.7,66.0,37.0,0.0,14.0,2795.0,3.296,3.287,34.0,31.0,7781.0,32.0,1.0
2022-11-30 09:41:25,103.8,375.0,82.7,65.0,37.0,0.0,14.0,2795.0,3.294,3.284,34.0,31.0,8373.0,31.5,1.0
2022-11-30 09:41:35,110.6,375.0,78.0,65.0,36.0,0.0,14.0,2796.0,3.295,3.284,34.0,31.0,8915.0,27.5,1.0
2022-11-30 09:41:45,111.1,375.0,65.8,65.0,0.0,0.0,14.0,2796.0,3.298,3.288,34.0,31.0,8959.0,23.0,1.0
2022-11-30 09:41:55,111.6,376.0,49.0,65.0,0.0,0.0,14.0,2796.0,3.304,3.296,34.0,31.0,8992.0,18.0,1.0
2022-11-30 09:42:05,111.1,375.0,66.1,65.0,0.0,0.0,14.0,2796.0,3.299,3.29,34.0,31.0,8949.0,23.0,1.0
2022-11-30 09:42:15,110.9,375.0,71.1,65.0,0.0,0.0,14.0,2797.0,3.296,3.287,34.0,31.0,8951.0,25.0,1.0
